{"cameraMode":{"drawMode":0,"name":"Shaded","section":"Shading Mode"},"sceneLighting":true,"audioPlay":false,"sceneViewState":{"showFog":true,"showMaterialUpdate":false,"showSkybox":true,"showFlares":true,"showImageEffects":true,"showParticleSystems":true},"in2DMode":false,"pivot":{"x":103.09370422363281,"y":-147.1078643798828,"z":138.4449462890625},"rotation":{"x":0.333177775144577,"y":0.33363887667655947,"z":-0.12767434120178224,"w":0.8726587891578674},"size":301.41259765625,"orthographic":false}