{"cameraMode":{"drawMode":0,"name":"Shaded","section":"Shading Mode"},"sceneLighting":true,"audioPlay":false,"sceneViewState":{"showFog":true,"showMaterialUpdate":false,"showSkybox":true,"showFlares":true,"showImageEffects":true,"showParticleSystems":true},"in2DMode":false,"pivot":{"x":154.29159545898438,"y":-205.873779296875,"z":10.167791366577149},"rotation":{"x":0.3021576702594757,"y":0.643668532371521,"z":-0.3076668381690979,"w":0.632381796836853},"size":353.2181091308594,"orthographic":false}