{"cameraMode":{"drawMode":0,"name":"Shaded","section":"Shading Mode"},"sceneLighting":false,"audioPlay":false,"sceneViewState":{"showFog":true,"showMaterialUpdate":false,"showSkybox":false,"showFlares":true,"showImageEffects":true,"showParticleSystems":true},"in2DMode":false,"pivot":{"x":-59.129295349121097,"y":0.0714578628540039,"z":-37.375755310058597},"rotation":{"x":-0.005435553845018148,"y":-0.9938123822212219,"z":0.09601017832756043,"w":-0.05603205785155296},"size":64.17385864257813,"orthographic":false}