{"cameraMode":{"drawMode":0,"name":"Shaded","section":"Shading Mode"},"sceneLighting":true,"audioPlay":false,"sceneViewState":{"showFog":true,"showMaterialUpdate":false,"showSkybox":true,"showFlares":true,"showImageEffects":true,"showParticleSystems":true},"in2DMode":false,"pivot":{"x":-97.7213134765625,"y":-138.92747497558595,"z":38.580745697021487},"rotation":{"x":0.43957623839378359,"y":-0.39264827966690066,"z":0.22189702093601228,"w":0.7768557667732239},"size":230.76341247558595,"orthographic":false}